<application>
  <component name="MavenWrapperMapping">
    <option name="mapping">
      <map>
        <entry key="https://repo.maven.apache.org/maven2/org/apache/maven/apache-maven/3.5.2/apache-maven-3.5.2-bin.zip" value="C:\Users\martin.escudero\.m2\wrapper\dists\apache-maven-3.5.2-bin\7hf0mht29afbpa1e4v2d1a16p0\apache-maven-3.5.2" />
        <entry key="https://repo.maven.apache.org/maven2/org/apache/maven/apache-maven/3.5.4/apache-maven-3.5.4-bin.zip" value="C:\Users\martin.escudero\.m2\wrapper\dists\apache-maven-3.5.4-bin\4lcg54ki11c6mp435njk296gm5\apache-maven-3.5.4" />
        <entry key="https://repo.maven.apache.org/maven2/org/apache/maven/apache-maven/3.6.3/apache-maven-3.6.3-bin.zip" value="C:\Users\martin.escudero\.m2\wrapper\dists\apache-maven-3.6.3-bin\1iopthnavndlasol9gbrbg6bf2\apache-maven-3.6.3" />
        <entry key="https://repo.maven.apache.org/maven2/org/apache/maven/apache-maven/3.8.6/apache-maven-3.8.6-bin.zip" value="C:\Users\martin.escudero\.m2\wrapper\dists\apache-maven-3.8.6-bin\1ks0nkde5v1pk9vtc31i9d0lcd\apache-maven-3.8.6" />
        <entry key="https://repo.maven.apache.org/maven2/org/apache/maven/apache-maven/3.8.7/apache-maven-3.8.7-bin.zip" value="C:\Users\martin.escudero\.m2\wrapper\dists\apache-maven-3.8.7-bin\1ktonn2lleg549uah6ngl1r74r\apache-maven-3.8.7" />
        <entry key="https://repo.maven.apache.org/maven2/org/apache/maven/apache-maven/3.9.5/apache-maven-3.9.5-bin.zip" value="C:\Users\martin.escudero\.m2\wrapper\dists\apache-maven-3.9.5-bin\2adeog8mj13csp1uusqnc1f2mo\apache-maven-3.9.5" />
      </map>
    </option>
  </component>
</application>