<application>
  <component name="GeneralSettings">
    <option name="autoSaveIfInactive" value="true" />
    <option name="confirmOpenNewProject2" value="0" />
    <option name="defaultProjectDirectory" value="C:\Users\martin.escudero\Documents\workspace\alvatross\product" />
    <option name="inactiveTimeout" value="1" />
    <option name="processCloseConfirmation" value="TERMINATE" />
    <option name="showTipsOnStartup" value="false" />
  </component>
  <component name="Registry">
    <entry key="ide.balloon.shadow.size" value="0" />
    <entry key="ide.editor.tab.selection.animation" value="true" />
    <entry key="ide.new.editor.tabs.vertical.borders" value="true" />
    <entry key="editor.focus.mode.color.light" value="5b595c" />
    <entry key="editor.focus.mode.color.dark" value="5b595c" />
  </component>
  <component name="StatusBar">
    <option name="widgets">
      <map>
        <entry key="PowerSaveMode" value="true" />
      </map>
    </option>
  </component>
</application>