<application>
  <component name="MaterialThemeConfig">
    <option name="isWizardShown" value="true" />
    <option name="treeFontSizeEnabled" value="true" />
    <option name="tabFontSizeEnabled" value="true" />
    <option name="indicatorStyle" value="None" />
    <option name="accentColor" value="ffd866" />
    <option name="selectedTheme" value="MONOKAI" />
    <option name="userId" value="-7924e9f6:183e46a6023:-8000" />
    <option name="version" value="7.14.2" />
    <option name="tabHighlightPosition" value="Bottom" />
  </component>
</application>