<application>
  <component name="RainbowSettings">
    <option name="doNOTRainbowifyBigFiles" value="false" />
    <option name="enableRainbowVariables" value="true" />
    <option name="indentGuidesOptions" value="Only selected indent guide" />
    <option name="rainbowVariablesOptionShowed" value="true" />
    <option name="rainbowifyTagNameInXML" value="true" />
    <option name="suppressAdvancedIndentGuidesBanner" value="true" />
    <option name="version" value="2023.3.7-ij" />
  </component>
</application>