<application>
  <component name="UISettings">
    <option name="EDITOR_TAB_LIMIT" value="30" />
    <option name="HIDE_TABS_IF_NEED" value="false" />
    <option name="MAX_LOOKUP_LIST_HEIGHT" value="32" />
    <option name="MAX_LOOKUP_WIDTH2" value="867" />
    <option name="OPEN_TABS_AT_THE_END" value="true" />
    <option name="SCROLL_TAB_LAYOUT_IN_EDITOR" value="false" />
    <option name="SHOW_MAIN_TOOLBAR" value="true" />
    <option name="SHOW_PINNED_TABS_IN_A_SEPARATE_ROW" value="true" />
  </component>
</application>